{
  "packages": [
    {
      "name": "ClearCore",
      "maintainer": "Teknic, Inc",
      "websiteURL": "https://www.teknic.com",
      "email": "support@teknic.com",
      "help": { "online": "https://www.teknic.com" },
      "platforms": [
        {
          "name": "ClearCore",
          "architecture": "sam",
          "version": "1.0.14",
          "category": "Contributed",
          "help": { "online": "https://teknic-inc.github.io/ClearCore-library/" },
          "url": "https://www.teknic.com/files/downloads/ClearCore-1.0.14.zip",
          "archiveFileName": "ClearCore-1.0.14.zip",
          "checksum": "MD5:30cf4782b0462715fbad1d20d2104ac7",
          "size": "10401173",
          "boards": [
            {"name": "ClearCore"}
          ],
          "toolsDependencies": [
            {
              "packager": "arduino",
              "name": "arm-none-eabi-gcc",
              "version": "7-2017q4"
            },
            {
              "packager": "arduino",
              "name": "bossac",
              "version": "1.9.1-arduino1"
            },
            {
              "name": "CMSIS",
              "packager": "arduino",
              "version": "4.5.0"
            }
          ]
        },
        {
          "name": "ClearCore",
          "architecture": "sam",
          "version": "1.1.1",
          "category": "Contributed",
          "help": { "online": "https://teknic-inc.github.io/ClearCore-library/" },
          "url": "https://www.teknic.com/files/downloads/ClearCore-1.1.1.zip",
          "archiveFileName": "ClearCore-1.1.1.zip",
          "checksum": "MD5:f55b44cc0a880cce4eb8981a6fe564a6",
          "size": "6441471",
          "boards": [
            {"name": "ClearCore"}
          ],
          "toolsDependencies": [
            {
              "packager": "arduino",
              "name": "arm-none-eabi-gcc",
              "version": "7-2017q4"
            },
            {
              "packager": "arduino",
              "name": "bossac",
              "version": "1.9.1-arduino1"
            },
            {
              "name": "CMSIS",
              "packager": "arduino",
              "version": "4.5.0"
            }
          ]
        },
        {
          "name": "ClearCore",
          "architecture": "sam",
          "version": "1.1.2",
          "category": "Contributed",
          "help": { "online": "https://teknic-inc.github.io/ClearCore-library/" },
          "url": "https://www.teknic.com/files/downloads/ClearCore-1.1.2.zip",
          "archiveFileName": "ClearCore-1.1.2.zip",
          "checksum": "MD5:230ae503582c98eba978c7b81c5c5634",
          "size": "8120661",
          "boards": [
            {"name": "ClearCore"}
          ],
          "toolsDependencies": [
            {
              "packager": "arduino",
              "name": "arm-none-eabi-gcc",
              "version": "7-2017q4"
            },
            {
              "packager": "arduino",
              "name": "bossac",
              "version": "1.9.1-arduino1"
            },
            {
              "name": "CMSIS",
              "packager": "arduino",
              "version": "4.5.0"
            }
          ]
        },
        {
          "name": "ClearCore",
          "architecture": "sam",
          "version": "1.7.0",
          "category": "Contributed",
          "help": { "online": "https://teknic-inc.github.io/ClearCore-library/" },
          "url": "https://www.teknic.com/files/downloads/ClearCore-1.7.0.zip",
          "archiveFileName": "ClearCore-1.7.0.zip",
          "checksum": "SHA-256:25ec2f838597180ac41b247013f786ffb6f9279b93330848072f3ed60c0347ce",
          "size": "11131694",
          "boards": [
            {"name": "ClearCore"}
          ],
          "toolsDependencies": [
            {
              "packager": "arduino",
              "name": "arm-none-eabi-gcc",
              "version": "7-2017q4"
            },
            {
              "packager": "arduino",
              "name": "bossac",
              "version": "1.9.1-arduino1"
            },
            {
              "name": "CMSIS",
              "packager": "arduino",
              "version": "4.5.0"
            }
          ]
        }
      ]
    }
  ]
}